Location,Date,Temperature,Humidity
Columbus,1/1/2025,18.9,76.7
Columbus,1/2/2025,23.2,74.8
Columbus,1/3/2025,14.4,60.2
Columbus,1/4/2025,14.4,62.9
Columbus,1/5/2025,23.5,76
Columbus,1/6/2025,19.5,74.6
Columbus,1/7/2025,13.3,68.3
Columbus,1/8/2025,18.3,69.7
Columbus,1/9/2025,13.3,81.3
Columbus,1/10/2025,13.3,62.6
Columbus,1/11/2025,16.8,74
Columbus,1/12/2025,6.1,66.5
Columbus,1/13/2025,7,66.3
Columbus,1/14/2025,12.8,79.5
Columbus,1/15/2025,10.6,76.8
Columbus,1/16/2025,17.2,76.7
Columbus,1/17/2025,11.1,81.6
Columbus,1/18/2025,8.6,68.7
Columbus,1/19/2025,22.9,75.3
Columbus,1/20/2025,14.5,65.4
Columbus,1/21/2025,16,71.8
Columbus,1/22/2025,8.5,67.2
Columbus,1/23/2025,12.9,69.5
Columbus,1/24/2025,16.2,74.5
Columbus,1/25/2025,9.9,60.3
Columbus,1/26/2025,17.5,89.4
Columbus,1/27/2025,12.6,58.5
Columbus,1/28/2025,14.2,56.4
Columbus,1/29/2025,12.6,80.1
Columbus,1/30/2025,24.9,76.4
Columbus,1/31/2025,15.6,74.8
Columbus,2/1/2025,10.3,74.8
Columbus,2/2/2025,19.7,68.4
Columbus,2/3/2025,9.5,59.5
Columbus,2/4/2025,16.7,69.3
Columbus,2/5/2025,5.8,61.7
Columbus,2/6/2025,9,78.3
Columbus,2/7/2025,16.6,67.1
Columbus,2/8/2025,19.3,60.3
Columbus,2/9/2025,16.5,65.3
Columbus,2/10/2025,15,72.7
Columbus,2/11/2025,14.1,62.9
Columbus,2/12/2025,8.2,60.3
Columbus,2/13/2025,12,71
Columbus,2/14/2025,13.3,71
Columbus,2/15/2025,20.9,63.5
Columbus,2/16/2025,17.3,63.8
Columbus,2/17/2025,6.8,70.8
Columbus,2/18/2025,17.2,54
Columbus,2/19/2025,13.7,54.4
Columbus,2/20/2025,12.2,61.3
Columbus,2/21/2025,18.7,66.4
Columbus,2/22/2025,20.8,71.6
Columbus,2/23/2025,20.3,83.3
Columbus,2/24/2025,11.4,77.1
Columbus,2/25/2025,14.1,66.9
Columbus,2/26/2025,17.3,68.3
Columbus,2/27/2025,20.5,58.5
Columbus,2/28/2025,13.2,68.3
Columbus,3/1/2025,14.7,65.6
Columbus,3/2/2025,10.1,71.7
Columbus,3/3/2025,9.6,60.2
Columbus,3/4/2025,19.7,73.7
Columbus,3/5/2025,22.4,83.8
Columbus,3/6/2025,15.3,67.4
Columbus,3/7/2025,20.6,72.5
Columbus,3/8/2025,17.4,75.4
Columbus,3/9/2025,12.4,64.5
Columbus,3/10/2025,17.4,70.8
Columbus,3/11/2025,23.3,68.6
Columbus,3/12/2025,15.4,69.5
Columbus,3/13/2025,23.4,60.8
Columbus,3/14/2025,2.5,68.8
Columbus,3/15/2025,19.7,73.5
Columbus,3/16/2025,16.1,83
Columbus,3/17/2025,14.1,78.1
Columbus,3/18/2025,16.1,90.1
Columbus,3/19/2025,5.7,60.8
Columbus,3/20/2025,14.5,77.2
Columbus,3/21/2025,17.4,70.4
Columbus,3/22/2025,23,90.4
Columbus,3/23/2025,13,60.4
Columbus,3/24/2025,11.6,60.1
Columbus,3/25/2025,13.1,62.5
Columbus,3/26/2025,20.2,47.3
Columbus,3/27/2025,17.3,63.3
Columbus,3/28/2025,13,60.9
Columbus,3/29/2025,18.2,70
Columbus,3/30/2025,16.1,71.9
Columbus,3/31/2025,20.5,87.3
Columbus,4/1/2025,12.1,78
Columbus,4/2/2025,14,62.8
Columbus,4/3/2025,13.7,59.5
Columbus,4/4/2025,8.3,73.4
Columbus,4/5/2025,17.1,55.3
Columbus,4/6/2025,16.9,86.8
Columbus,4/7/2025,15.6,80.3
Columbus,4/8/2025,14.4,63.8
Columbus,4/9/2025,8.5,51.4
Columbus,4/10/2025,13.5,82.1
Columbus,4/11/2025,13.9,67.4
Columbus,4/12/2025,11.6,80.9
Columbus,4/13/2025,14.8,52.6
Columbus,4/14/2025,17.6,62.5
Columbus,4/15/2025,25,68.6
Columbus,4/16/2025,16.5,69
Columbus,4/17/2025,16.9,64
Columbus,4/18/2025,15.2,74.7
Columbus,4/19/2025,6,57.8
Columbus,4/20/2025,15.5,67.1
Columbus,4/21/2025,15.9,69.7
Columbus,4/22/2025,27.9,73.7
Columbus,4/23/2025,14.7,75.6
Columbus,4/24/2025,17.1,57.3
Columbus,4/25/2025,15.4,53.2
Columbus,4/26/2025,9.8,81.3
Columbus,4/27/2025,21.3,71.8
Columbus,4/28/2025,19.4,61
Columbus,4/29/2025,19.6,84
Columbus,4/30/2025,11.1,69.7
Columbus,5/1/2025,22.6,80.3
Columbus,5/2/2025,8.6,69.2
Columbus,5/3/2025,18.6,89.1
Columbus,5/4/2025,26.6,86.1
Columbus,5/5/2025,10.7,66
Columbus,5/6/2025,12.8,78.2
Columbus,5/7/2025,16.1,75
Columbus,5/8/2025,13.1,82.2
Columbus,5/9/2025,7.9,58.9
Columbus,5/10/2025,16,75.4
Columbus,5/11/2025,10.3,79.1
Columbus,5/12/2025,18,50.9
Columbus,5/13/2025,11,56.7
Columbus,5/14/2025,23.4,48.1
Columbus,5/15/2025,11.7,65.8
Columbus,5/16/2025,14,75.7
Columbus,5/17/2025,19.7,83.5
Columbus,5/18/2025,9.5,69.3
Columbus,5/19/2025,16.8,84.8
Columbus,5/20/2025,22.2,54.7
Columbus,5/21/2025,7.6,51.5
Columbus,5/22/2025,16.5,68
Columbus,5/23/2025,16.9,72.4
Columbus,5/24/2025,19.5,68.2
Columbus,5/25/2025,9.4,47.8
Columbus,5/26/2025,9,67.6
Columbus,5/27/2025,18.2,55.5
Columbus,5/28/2025,17.1,75.2
Columbus,5/29/2025,16.9,72.2
Columbus,5/30/2025,17.4,59.1
Columbus,5/31/2025,12.2,63.4
Columbus,6/1/2025,16.8,57.9
Columbus,6/2/2025,17.1,67.9
Columbus,6/3/2025,12,78.1
Columbus,6/4/2025,24.9,58.7
Columbus,6/5/2025,18,73.6
Columbus,6/6/2025,9.7,63.2
Columbus,6/7/2025,18.9,60.6
Columbus,6/8/2025,10.7,67.5
Columbus,6/9/2025,19.6,58.2
Columbus,6/10/2025,21.4,63
Columbus,6/11/2025,11.5,56.5
Columbus,6/12/2025,20.4,88.2
Columbus,6/13/2025,17.7,68.9
Columbus,6/14/2025,19.7,61.5
Columbus,6/15/2025,25.1,70.7
Columbus,6/16/2025,14.4,67.4
Columbus,6/17/2025,11.8,66.3
Columbus,6/18/2025,11.2,74.7
Columbus,6/19/2025,11.5,76.1
Columbus,6/20/2025,15.2,63.2
Columbus,6/21/2025,17.3,62.8
Columbus,6/22/2025,17,65.8
Columbus,6/23/2025,19.8,45.5
Columbus,6/24/2025,15.7,53.4
Columbus,6/25/2025,22.9,82.2
Columbus,6/26/2025,14.3,85
Columbus,6/27/2025,29.2,66
Columbus,6/28/2025,18.7,74.3
Columbus,6/29/2025,11.3,71.6
Columbus,6/30/2025,10.3,99.3
Columbus,7/1/2025,18,79.7
Columbus,7/2/2025,14.5,67.2
Columbus,7/3/2025,19.2,59
Columbus,7/4/2025,18,52.5
Columbus,7/5/2025,15.3,70.6
Columbus,7/6/2025,11.4,61
Columbus,7/7/2025,8,54.3
Columbus,7/8/2025,13.4,62.1
Columbus,7/9/2025,19.9,57.7
Columbus,7/10/2025,16.7,85.4
Columbus,7/11/2025,9.4,77.3
Columbus,7/12/2025,16.5,68.4
Columbus,7/13/2025,17.5,83.3
Columbus,7/14/2025,11.2,69.3
Columbus,7/15/2025,16.4,59.9
Columbus,7/16/2025,15.9,83.8
Columbus,7/17/2025,9.9,73.9
Columbus,7/18/2025,17.4,58.1
Columbus,7/19/2025,18.4,66.6
Columbus,7/20/2025,21,59.8
Columbus,7/21/2025,20.9,54.7
Columbus,7/22/2025,8.7,77.8
Columbus,7/23/2025,10.9,87.6
Columbus,7/24/2025,18.2,54.5
Columbus,7/25/2025,18.2,74.2
Columbus,7/26/2025,18.2,62
Columbus,7/27/2025,34.9,63.7
Columbus,7/28/2025,18.5,62.6
Columbus,7/29/2025,21.3,59.9
Columbus,7/30/2025,20.4,69
Columbus,7/31/2025,18.9,60.2
Columbus,8/1/2025,14,71.2
Columbus,8/2/2025,19.4,68
Columbus,8/3/2025,11.8,66.1
Columbus,8/4/2025,14.4,59.4
Columbus,8/5/2025,13.2,62.8
Columbus,8/6/2025,16,76.1
Columbus,8/7/2025,27.2,73.5
Columbus,8/8/2025,6.3,58.7
Columbus,8/9/2025,19,69.5
Columbus,8/10/2025,7.6,76
Columbus,8/11/2025,13.3,51.8
Columbus,8/12/2025,21.1,74
Columbus,8/13/2025,15.9,61.9
Columbus,8/14/2025,10.2,74.2
Columbus,8/15/2025,12,60.9
Columbus,8/16/2025,19,50.5
Columbus,8/17/2025,12,52.2
Columbus,8/18/2025,16.7,69
Columbus,8/19/2025,15.8,71.1
Columbus,8/20/2025,12.4,59.5
Columbus,8/21/2025,26.3,74.9
Columbus,8/22/2025,18.8,51.9
Columbus,8/23/2025,5.5,67.9
Columbus,8/24/2025,16.6,56.4
Columbus,8/25/2025,12.3,62
Columbus,8/26/2025,19.9,69
Columbus,8/27/2025,11.7,59.9
Columbus,8/28/2025,15,64.7
Columbus,8/29/2025,18.1,78.6
Columbus,8/30/2025,19.9,62.8
Columbus,8/31/2025,9.6,76.9
Columbus,9/1/2025,13.9,57.2
Columbus,9/2/2025,13.2,73.8
Columbus,9/3/2025,12.4,82.9
Columbus,9/4/2025,24.4,43.8
Columbus,9/5/2025,17.6,60.6
Columbus,9/6/2025,9.3,74.3
Columbus,9/7/2025,20.2,66.5
Columbus,9/8/2025,26.2,72.2
Columbus,9/9/2025,20.8,62.5
Columbus,9/10/2025,8,69.4
Columbus,9/11/2025,13.2,67
Columbus,9/12/2025,22,80.2
Columbus,9/13/2025,12.1,71.1
Columbus,9/14/2025,17.8,71.9
Columbus,9/15/2025,19.5,64.4
Columbus,9/16/2025,11,63.6
Columbus,9/17/2025,15.3,64.2
Columbus,9/18/2025,-0.6,72.5
Columbus,9/19/2025,10.5,64.3
Columbus,9/20/2025,14.4,71.4
Columbus,9/21/2025,9.4,89.3
Columbus,9/22/2025,23.8,77.2
Columbus,9/23/2025,8.5,65.3
Columbus,9/24/2025,13.4,80.5
Columbus,9/25/2025,16.3,64.4
Columbus,9/26/2025,22.8,48.1
Columbus,9/27/2025,8.4,58.4
Columbus,9/28/2025,21.4,49.8
Columbus,9/29/2025,15.7,65
Columbus,9/30/2025,10.7,68.7
Columbus,10/1/2025,17.9,85.3
Columbus,10/2/2025,16.6,71.8
Columbus,10/3/2025,12.6,66.3
Columbus,10/4/2025,16,76.8
Columbus,10/5/2025,13.7,46.4
Columbus,10/6/2025,16.2,70.9
Columbus,10/7/2025,18.9,76.2
Columbus,10/8/2025,23.5,53.7
Columbus,10/9/2025,9.4,80
Columbus,10/10/2025,26.3,71.9
Columbus,10/11/2025,5.9,64.4
Columbus,10/12/2025,14.9,74.8
Columbus,10/13/2025,18.6,91.2
Columbus,10/14/2025,17,70.3
Columbus,10/15/2025,12.5,71
Columbus,10/16/2025,14.6,63.9
Columbus,10/17/2025,13.2,60
Columbus,10/18/2025,12.7,76.8
Columbus,10/19/2025,19.9,60
Columbus,10/20/2025,17.4,69.2
Columbus,10/21/2025,12.2,63.7
Columbus,10/22/2025,20.1,73.3
Columbus,10/23/2025,17.2,71.9
New York,1/1/2025,13.8,75.3
New York,1/2/2025,10.2,76.3
New York,1/3/2025,12.9,78.5
New York,1/4/2025,17,71.1
New York,1/5/2025,18.9,63
New York,1/6/2025,10.5,66.1
New York,1/7/2025,19.5,76.7
New York,1/8/2025,21.9,56.5
New York,1/9/2025,17.2,68.3
New York,1/10/2025,24.5,60.7
New York,1/11/2025,11.3,64.9
New York,1/12/2025,8.9,77.4
New York,1/13/2025,6.2,66.5
New York,1/14/2025,22.6,65.1
New York,1/15/2025,18.4,51
New York,1/16/2025,14.9,72.1
New York,1/17/2025,16.5,71.1
New York,1/18/2025,9.5,86.3
New York,1/19/2025,27.4,61.6
New York,1/20/2025,15.8,66.8
New York,1/21/2025,15.7,67.1
New York,1/22/2025,18.8,80.4
New York,1/23/2025,17.5,63.7
New York,1/24/2025,16.3,67.4
New York,1/25/2025,11.2,70.7
New York,1/26/2025,17.5,66.5
New York,1/27/2025,24.5,60.2
New York,1/28/2025,21.9,66.6
New York,1/29/2025,23.1,75.4
New York,1/30/2025,12.6,54.4
New York,1/31/2025,10.2,66
New York,2/1/2025,14.5,57.6
New York,2/2/2025,15.4,76.6
New York,2/3/2025,20.6,49.4
New York,2/4/2025,6.7,59
New York,2/5/2025,22.8,68.4
New York,2/6/2025,14.3,80.3
New York,2/7/2025,13,64
New York,2/8/2025,10.1,59.1
New York,2/9/2025,6.9,83.4
New York,2/10/2025,19.2,50.2
New York,2/11/2025,15.5,42.6
New York,2/12/2025,8.7,69
New York,2/13/2025,8.7,59.6
New York,2/14/2025,13.5,54.4
New York,2/15/2025,23.5,71.7
New York,2/16/2025,13.8,67.1
New York,2/17/2025,7.6,59
New York,2/18/2025,13.9,51.8
New York,2/19/2025,13.8,73.4
New York,2/20/2025,1.6,71.1
New York,2/21/2025,14.9,63.6
New York,2/22/2025,14,83.1
New York,2/23/2025,18.6,53.9
New York,2/24/2025,24.4,49.4
New York,2/25/2025,20.8,57.7
New York,2/26/2025,13.8,64.2
New York,2/27/2025,9.6,67.1
New York,2/28/2025,28,62.2
New York,3/1/2025,15.4,68.2
New York,3/2/2025,15.2,52.1
New York,3/3/2025,15,79.1
New York,3/4/2025,16.1,63.8
New York,3/5/2025,14.4,75.8
New York,3/6/2025,12.3,68.1
New York,3/7/2025,12.4,69.2
New York,3/8/2025,15,70.3
New York,3/9/2025,12.4,69.1
New York,3/10/2025,11.6,71.1
New York,3/11/2025,15.7,77.9
New York,3/12/2025,13.9,66.6
New York,3/13/2025,22.7,71.7
New York,3/14/2025,1.9,63.7
New York,3/15/2025,20.6,79
New York,3/16/2025,21.4,57.9
New York,3/17/2025,4.8,82.6
New York,3/18/2025,13.4,64.2
New York,3/19/2025,13.3,50.3
New York,3/20/2025,8.1,65.9
New York,3/21/2025,11.2,57.8
New York,3/22/2025,9.6,73
New York,3/23/2025,23.9,58.1
New York,3/24/2025,19.8,60.2
New York,3/25/2025,21.5,45.7
New York,3/26/2025,18.7,60.1
New York,3/27/2025,9.5,40.4
New York,3/28/2025,12.5,48.8
New York,3/29/2025,17.6,72.2
New York,3/30/2025,9,72.5
New York,3/31/2025,18.7,68.9
New York,4/1/2025,13.9,55
New York,4/2/2025,13.3,64.2
New York,4/3/2025,18.7,64.6
New York,4/4/2025,17.4,53.1
New York,4/5/2025,13.3,79.7
New York,4/6/2025,20.9,73.4
New York,4/7/2025,9.7,62.4
New York,4/8/2025,18.2,64.9
New York,4/9/2025,18.1,66.7
New York,4/10/2025,13.6,44.2
New York,4/11/2025,16.8,62.2
New York,4/12/2025,8.9,57.8
New York,4/13/2025,19.8,54.6
New York,4/14/2025,14.2,61.8
New York,4/15/2025,12.5,82.6
New York,4/16/2025,20.4,71
New York,4/17/2025,11.6,58.9
New York,4/18/2025,8.1,70.4
New York,4/19/2025,7.3,78.6
New York,4/20/2025,18.2,73.9
New York,4/21/2025,8.7,65.2
New York,4/22/2025,23.9,58.2
New York,4/23/2025,4.7,71.6
New York,4/24/2025,23.6,68.6
New York,4/25/2025,16.2,73.6
New York,4/26/2025,14.6,71
New York,4/27/2025,12.4,75.1
New York,4/28/2025,17.1,59.3
New York,4/29/2025,14.9,77.8
New York,4/30/2025,20.6,66.6
New York,5/1/2025,15.7,85.4
New York,5/2/2025,15.9,57.7
New York,5/3/2025,13.3,82
New York,5/4/2025,14.8,66.6
New York,5/5/2025,16.7,58.1
New York,5/6/2025,6.6,59.8
New York,5/7/2025,8.4,61.4
New York,5/8/2025,18.8,68.9
New York,5/9/2025,16,69.9
New York,5/10/2025,14.2,58.9
New York,5/11/2025,15.2,64.4
New York,5/12/2025,16.9,86.1
New York,5/13/2025,12.4,81.9
New York,5/14/2025,11.2,69
New York,5/15/2025,16.1,65
New York,5/16/2025,10.2,65.8
New York,5/17/2025,17.2,70.8
New York,5/18/2025,6.6,54.4
New York,5/19/2025,20.3,62.1
New York,5/20/2025,17.5,48
New York,5/21/2025,16.4,68.6
New York,5/22/2025,20,71.1
New York,5/23/2025,23.5,59.8
New York,5/24/2025,20.2,80.4
New York,5/25/2025,5.9,52.4
New York,5/26/2025,8.7,50
New York,5/27/2025,12,66.9
New York,5/28/2025,15.3,75.1
New York,5/29/2025,17.7,81.5
New York,5/30/2025,11.5,60
New York,5/31/2025,16.1,75.4
New York,6/1/2025,11.4,64.3
New York,6/2/2025,12.1,62.9
New York,6/3/2025,8.1,73.5
New York,6/4/2025,10.5,71.2
New York,6/5/2025,8.4,48.9
New York,6/6/2025,10.3,79.4
New York,6/7/2025,20.4,78.4
New York,6/8/2025,10.4,58.4
New York,6/9/2025,28.3,68.6
New York,6/10/2025,17.6,69.6
New York,6/11/2025,16.1,67.2
New York,6/12/2025,10.8,59.1
New York,6/13/2025,18.6,57.9
New York,6/14/2025,12.3,64.4
New York,6/15/2025,15.7,76.4
New York,6/16/2025,27.9,70.1
New York,6/17/2025,14.7,60.9
New York,6/18/2025,20.9,72.4
New York,6/19/2025,11.6,36.2
New York,6/20/2025,15,76.1
New York,6/21/2025,24,47.2
New York,6/22/2025,12,61
New York,6/23/2025,24.2,53.4
New York,6/24/2025,18.7,51.7
New York,6/25/2025,12.3,76.2
New York,6/26/2025,18.3,60
New York,6/27/2025,20,68.1
New York,6/28/2025,18.2,64.2
New York,6/29/2025,7.3,69.4
New York,6/30/2025,11.5,65.4
New York,7/1/2025,13.9,51.8
New York,7/2/2025,14.8,74.6
New York,7/3/2025,18.2,59.7
New York,7/4/2025,16,49.1
New York,7/5/2025,8.5,60.4
New York,7/6/2025,17,79.6
New York,7/7/2025,18.2,73.1
New York,7/8/2025,17.9,61.2
New York,7/9/2025,20.5,61.1
New York,7/10/2025,19.3,61.4
New York,7/11/2025,17.4,85.4
New York,7/12/2025,14.8,68.5
New York,7/13/2025,6.8,68.9
New York,7/14/2025,17.3,74.9
New York,7/15/2025,16.2,67
New York,7/16/2025,16.5,62
New York,7/17/2025,8.7,62.7
New York,7/18/2025,9.7,63.9
New York,7/19/2025,20.4,64.3
New York,7/20/2025,14.9,71.9
New York,7/21/2025,18.5,65.2
New York,7/22/2025,15.3,72
New York,7/23/2025,15.3,63.8
New York,7/24/2025,19.8,65.4
New York,7/25/2025,12.6,44.7
New York,7/26/2025,15.6,73.8
New York,7/27/2025,12.8,68.1
New York,7/28/2025,13,74.6
New York,7/29/2025,13.6,35.7
New York,7/30/2025,16.2,85.5
New York,7/31/2025,12.7,63.2
New York,8/1/2025,21.4,75.7
New York,8/2/2025,10.7,54.2
New York,8/3/2025,14.2,70.8
New York,8/4/2025,12.9,54.1
New York,8/5/2025,22.4,58.4
New York,8/6/2025,16.1,83.8
New York,8/7/2025,20.3,62.7
New York,8/8/2025,7.7,66.8
New York,8/9/2025,16.5,73.3
New York,8/10/2025,19.6,69.6
New York,8/11/2025,15.5,66.1
New York,8/12/2025,20.5,68.3
New York,8/13/2025,12.5,88.7
New York,8/14/2025,22.2,64.1
New York,8/15/2025,26.6,66.6
New York,8/16/2025,13.3,75.1
New York,8/17/2025,12.9,75.7
New York,8/18/2025,22.4,76.5
New York,8/19/2025,23,71
New York,8/20/2025,12.5,53.2
New York,8/21/2025,13,81
New York,8/22/2025,13.7,53.2
New York,8/23/2025,8.4,67.7
New York,8/24/2025,10.5,57.1
New York,8/25/2025,10.1,64
New York,8/26/2025,11.3,67.9
New York,8/27/2025,15,67.9
New York,8/28/2025,16.3,68.9
New York,8/29/2025,22.9,80.8
New York,8/30/2025,10.1,69.2
New York,8/31/2025,20.1,62.2
New York,9/1/2025,14.1,74.3
New York,9/2/2025,14.9,76.5
New York,9/3/2025,18.5,52.4
New York,9/4/2025,9.5,70.6
New York,9/5/2025,17,71.6
New York,9/6/2025,16,61.7
New York,9/7/2025,17.6,78.4
New York,9/8/2025,16.6,63.1
New York,9/9/2025,27.4,65.9
New York,9/10/2025,11.9,62.9
New York,9/11/2025,12.5,64.8
New York,9/12/2025,12,53.7
New York,9/13/2025,12.4,50.2
New York,9/14/2025,11.9,80.6
New York,9/15/2025,21.1,56.2
New York,9/16/2025,22.2,54.7
New York,9/17/2025,12.3,43.1
New York,9/18/2025,11,58.2
New York,9/19/2025,17.5,51.4
New York,9/20/2025,12.4,81.1
New York,9/21/2025,18.3,74.7
New York,9/22/2025,16.1,57.8
New York,9/23/2025,7.6,87.2
New York,9/24/2025,22.9,74.5
New York,9/25/2025,24.1,61.4
New York,9/26/2025,12.1,39.6
New York,9/27/2025,13.2,87.5
New York,9/28/2025,16.6,50.7
New York,9/29/2025,16.8,48.2
New York,9/30/2025,18.4,74.9
New York,10/1/2025,25.2,89
New York,10/2/2025,14.2,78.5
New York,10/3/2025,11.1,70.3
New York,10/4/2025,8.2,70.6
New York,10/5/2025,11.5,73.2
New York,10/6/2025,15,72.2
New York,10/7/2025,24.1,67.4
New York,10/8/2025,12.5,65.7
New York,10/9/2025,16.3,64
New York,10/10/2025,15,57.1
New York,10/11/2025,21.1,61.8
New York,10/12/2025,27.8,47.7
New York,10/13/2025,12.5,63.7
New York,10/14/2025,12.7,54.8
New York,10/15/2025,20.4,53.6
New York,10/16/2025,18.5,66.4
New York,10/17/2025,24.4,78.6
New York,10/18/2025,18.1,73.8
New York,10/19/2025,13.3,48.9
New York,10/20/2025,18.1,54.7
New York,10/21/2025,20.7,74
New York,10/22/2025,19.2,54.8
New York,10/23/2025,17.7,62.4
Los Angeles,1/1/2025,13.2,46.2
Los Angeles,1/2/2025,6,42.8
Los Angeles,1/3/2025,9.7,45.2
Los Angeles,1/4/2025,14.3,73.1
Los Angeles,1/5/2025,4.8,54.9
Los Angeles,1/6/2025,14.9,86
Los Angeles,1/7/2025,12.6,54.8
Los Angeles,1/8/2025,15.5,62.3
Los Angeles,1/9/2025,13.8,75.9
Los Angeles,1/10/2025,19.5,80.5
Los Angeles,1/11/2025,13.3,81
Los Angeles,1/12/2025,10.6,72.5
Los Angeles,1/13/2025,13.3,70.7
Los Angeles,1/14/2025,15.4,66.4
Los Angeles,1/15/2025,13,68.2
Los Angeles,1/16/2025,12.9,54.9
Los Angeles,1/17/2025,9.2,52.3
Los Angeles,1/18/2025,9.4,60.4
Los Angeles,1/19/2025,5.7,58.7
Los Angeles,1/20/2025,21.5,55.9
Los Angeles,1/21/2025,6.5,67.4
Los Angeles,1/22/2025,9.3,70
Los Angeles,1/23/2025,9.1,61.3
Los Angeles,1/24/2025,17.2,75.2
Los Angeles,1/25/2025,11.2,49
Los Angeles,1/26/2025,19,58.5
Los Angeles,1/27/2025,9.3,53.3
Los Angeles,1/28/2025,14.1,41.8
Los Angeles,1/29/2025,8.5,59.6
Los Angeles,1/30/2025,23.4,59.2
Los Angeles,1/31/2025,6.8,75.6
Los Angeles,2/1/2025,14.3,66.7
Los Angeles,2/2/2025,15.9,50.2
Los Angeles,2/3/2025,14.8,79
Los Angeles,2/4/2025,11.8,72.6
Los Angeles,2/5/2025,12.1,66.3
Los Angeles,2/6/2025,12.9,58.2
Los Angeles,2/7/2025,12,50.8
Los Angeles,2/8/2025,17.5,56.7
Los Angeles,2/9/2025,23.8,71.3
Los Angeles,2/10/2025,9.9,79.3
Los Angeles,2/11/2025,5.9,75.9
Los Angeles,2/12/2025,12.3,55.5
Los Angeles,2/13/2025,25.6,49.2
Los Angeles,2/14/2025,8.7,61.8
Los Angeles,2/15/2025,20.9,42.7
Los Angeles,2/16/2025,21.1,63.7
Los Angeles,2/17/2025,9.9,59
Los Angeles,2/18/2025,15.6,55.8
Los Angeles,2/19/2025,20.9,44.5
Los Angeles,2/20/2025,10.8,65.6
Los Angeles,2/21/2025,11.7,55.1
Los Angeles,2/22/2025,9.8,48.7
Los Angeles,2/23/2025,7.6,31.7
Los Angeles,2/24/2025,9.5,60.2
Los Angeles,2/25/2025,6.6,78.2
Los Angeles,2/26/2025,12.9,77
Los Angeles,2/27/2025,8.9,55.9
Los Angeles,2/28/2025,13.9,54.4
Los Angeles,3/1/2025,4.9,65.1
Los Angeles,3/2/2025,14.4,50.4
Los Angeles,3/3/2025,16.9,63.5
Los Angeles,3/4/2025,2.7,68.1
Los Angeles,3/5/2025,14.6,72.7
Los Angeles,3/6/2025,18.9,59.4
Los Angeles,3/7/2025,6.7,58.4
Los Angeles,3/8/2025,21.1,51.7
Los Angeles,3/9/2025,14.8,52.2
Los Angeles,3/10/2025,9.2,58.2
Los Angeles,3/11/2025,12.4,64.1
Los Angeles,3/12/2025,15.5,69.6
Los Angeles,3/13/2025,13.1,52.4
Los Angeles,3/14/2025,15.4,75.4
Los Angeles,3/15/2025,8.1,57.7
Los Angeles,3/16/2025,13.6,60.2
Los Angeles,3/17/2025,5.6,53
Los Angeles,3/18/2025,12.2,36.2
Los Angeles,3/19/2025,8.2,69.3
Los Angeles,3/20/2025,9,67.8
Los Angeles,3/21/2025,18.9,57.6
Los Angeles,3/22/2025,18.2,61.1
Los Angeles,3/23/2025,15.8,65.6
Los Angeles,3/24/2025,7.3,44.8
Los Angeles,3/25/2025,11.1,55.1
Los Angeles,3/26/2025,18.8,68.4
Los Angeles,3/27/2025,13.4,47.9
Los Angeles,3/28/2025,24.3,63.4
Los Angeles,3/29/2025,14.7,46.9
Los Angeles,3/30/2025,13.7,65.1
Los Angeles,3/31/2025,11.2,60.1
Los Angeles,4/1/2025,13.4,44.3
Los Angeles,4/2/2025,12,72.1
Los Angeles,4/3/2025,16.3,53.1
Los Angeles,4/4/2025,17.5,52.3
Los Angeles,4/5/2025,8.8,62.4
Los Angeles,4/6/2025,6.1,71.9
Los Angeles,4/7/2025,3.5,50.3
Los Angeles,4/8/2025,15.3,61.1
Los Angeles,4/9/2025,7.2,64.7
Los Angeles,4/10/2025,2,67.4
Los Angeles,4/11/2025,14.7,62.2
Los Angeles,4/12/2025,25.2,56.8
Los Angeles,4/13/2025,12.7,52.2
Los Angeles,4/14/2025,16.9,61.3
Los Angeles,4/15/2025,13.1,49.7
Los Angeles,4/16/2025,12.2,31.2
Los Angeles,4/17/2025,17.3,64.8
Los Angeles,4/18/2025,11.3,69.5
Los Angeles,4/19/2025,14.1,36.8
Los Angeles,4/20/2025,14.3,50.3
Los Angeles,4/21/2025,9.4,66.6
Los Angeles,4/22/2025,17.7,81
Los Angeles,4/23/2025,11.8,60.6
Los Angeles,4/24/2025,8.9,53.2
Los Angeles,4/25/2025,15.4,58.6
Los Angeles,4/26/2025,8.2,74.2
Los Angeles,4/27/2025,12.9,54
Los Angeles,4/28/2025,12.7,52.4
Los Angeles,4/29/2025,18.1,55.6
Los Angeles,4/30/2025,15.1,50.9
Los Angeles,5/1/2025,12.6,61.7
Los Angeles,5/2/2025,16.8,76.7
Los Angeles,5/3/2025,19.7,63.7
Los Angeles,5/4/2025,15.5,57.9
Los Angeles,5/5/2025,12.8,57.5
Los Angeles,5/6/2025,6.2,44.8
Los Angeles,5/7/2025,7.4,69.3
Los Angeles,5/8/2025,11.2,59.7
Los Angeles,5/9/2025,9.7,58.6
Los Angeles,5/10/2025,11.8,92.4
Los Angeles,5/11/2025,13,63.4
Los Angeles,5/12/2025,15.4,52.9
Los Angeles,5/13/2025,12.4,56.2
Los Angeles,5/14/2025,15.1,71.9
Los Angeles,5/15/2025,13,61.6
Los Angeles,5/16/2025,2.8,46.1
Los Angeles,5/17/2025,8,69.6
Los Angeles,5/18/2025,12,53.8
Los Angeles,5/19/2025,6.7,79.2
Los Angeles,5/20/2025,15.7,71.2
Los Angeles,5/21/2025,20.4,56
Los Angeles,5/22/2025,18.8,73.2
Los Angeles,5/23/2025,11.7,61.1
Los Angeles,5/24/2025,20.2,69
Los Angeles,5/25/2025,13.5,65.3
Los Angeles,5/26/2025,11,52
Los Angeles,5/27/2025,9.7,54
Los Angeles,5/28/2025,11.2,70.7
Los Angeles,5/29/2025,10.8,57.1
Los Angeles,5/30/2025,13.6,56.4
Los Angeles,5/31/2025,13.5,50.9
Los Angeles,6/1/2025,12.7,64.7
Los Angeles,6/2/2025,14.9,81.1
Los Angeles,6/3/2025,18.7,49.8
Los Angeles,6/4/2025,17.5,60.7
Los Angeles,6/5/2025,5.3,74.6
Los Angeles,6/6/2025,-0.1,59.6
Los Angeles,6/7/2025,17.4,65
Los Angeles,6/8/2025,5.9,49.8
Los Angeles,6/9/2025,11.6,64.7
Los Angeles,6/10/2025,6.9,58.6
Los Angeles,6/11/2025,3.7,70.3
Los Angeles,6/12/2025,15.4,72.3
Los Angeles,6/13/2025,16.5,86.3
Los Angeles,6/14/2025,9.8,66.2
Los Angeles,6/15/2025,-0.2,63.7
Los Angeles,6/16/2025,10,62.4
Los Angeles,6/17/2025,14.7,56.9
Los Angeles,6/18/2025,5.3,63.8
Los Angeles,6/19/2025,13.6,57.5
Los Angeles,6/20/2025,12.6,62.1
Los Angeles,6/21/2025,15.6,73.6
Los Angeles,6/22/2025,13.3,50.4
Los Angeles,6/23/2025,7.9,71.8
Los Angeles,6/24/2025,18.7,73.6
Los Angeles,6/25/2025,11.9,59.3
Los Angeles,6/26/2025,12.6,39.2
Los Angeles,6/27/2025,8.1,54.4
Los Angeles,6/28/2025,10.5,73.4
Los Angeles,6/29/2025,8.3,60.2
Los Angeles,6/30/2025,11.9,50.4
Los Angeles,7/1/2025,21.3,55.4
Los Angeles,7/2/2025,5.9,68.8
Los Angeles,7/3/2025,4.6,65.9
Los Angeles,7/4/2025,20.1,58
Los Angeles,7/5/2025,11.7,56.8
Los Angeles,7/6/2025,9.4,56.5
Los Angeles,7/7/2025,17.9,51.2
Los Angeles,7/8/2025,9.7,76.6
Los Angeles,7/9/2025,21.8,57.2
Los Angeles,7/10/2025,16.1,72.6
Los Angeles,7/11/2025,10.3,75.6
Los Angeles,7/12/2025,23.5,70.4
Los Angeles,7/13/2025,9.7,56.1
Los Angeles,7/14/2025,16.4,64.5
Los Angeles,7/15/2025,14.2,60.2
Los Angeles,7/16/2025,19.2,51.4
Los Angeles,7/17/2025,20.5,63.7
Los Angeles,7/18/2025,12.9,48.6
Los Angeles,7/19/2025,9,72.3
Los Angeles,7/20/2025,15,55.8
Los Angeles,7/21/2025,9.3,62.4
Los Angeles,7/22/2025,22.8,63.3
Los Angeles,7/23/2025,13.4,57.8
Los Angeles,7/24/2025,10.9,66.3
Los Angeles,7/25/2025,13.6,55.7
Los Angeles,7/26/2025,6,69.1
Los Angeles,7/27/2025,7.9,47
Los Angeles,7/28/2025,18.7,61.7
Los Angeles,7/29/2025,9.4,79.8
Los Angeles,7/30/2025,7.5,50.4
Los Angeles,7/31/2025,15.4,53.7
Los Angeles,8/1/2025,18.6,65.6
Los Angeles,8/2/2025,16.3,62.2
Los Angeles,8/3/2025,17.7,63.9
Los Angeles,8/4/2025,8.9,65.3
Los Angeles,8/5/2025,5.6,66.8
Los Angeles,8/6/2025,20.2,71.5
Los Angeles,8/7/2025,11.1,64.5
Los Angeles,8/8/2025,11.5,58
Los Angeles,8/9/2025,19.4,67.2
Los Angeles,8/10/2025,15.5,79.4
Los Angeles,8/11/2025,15,59.1
Los Angeles,8/12/2025,23.5,50.7
Los Angeles,8/13/2025,9.5,71.5
Los Angeles,8/14/2025,17.4,59.2
Los Angeles,8/15/2025,13,38.7
Los Angeles,8/16/2025,14.1,68.9
Los Angeles,8/17/2025,20.4,55.1
Los Angeles,8/18/2025,15.3,59.5
Los Angeles,8/19/2025,15.4,63.8
Los Angeles,8/20/2025,18.1,62.3
Los Angeles,8/21/2025,10.9,67.5
Los Angeles,8/22/2025,8.5,56.1
Los Angeles,8/23/2025,7.5,65.6
Los Angeles,8/24/2025,2.9,57.8
Los Angeles,8/25/2025,23,67.8
Los Angeles,8/26/2025,7.2,66.6
Los Angeles,8/27/2025,11.6,51.1
Los Angeles,8/28/2025,11.3,71.3
Los Angeles,8/29/2025,14.3,55.1
Los Angeles,8/30/2025,16.8,68.5
Los Angeles,8/31/2025,17,64.1
Los Angeles,9/1/2025,9.8,78.8
Los Angeles,9/2/2025,11.9,58.2
Los Angeles,9/3/2025,14.1,56.9
Los Angeles,9/4/2025,11.5,60.2
Los Angeles,9/5/2025,20.8,57.4
Los Angeles,9/6/2025,15.2,68.4
Los Angeles,9/7/2025,16.4,44.3
Los Angeles,9/8/2025,16,49.9
Los Angeles,9/9/2025,18.6,49.8
Los Angeles,9/10/2025,13.6,69.9
Los Angeles,9/11/2025,6.2,77.5
Los Angeles,9/12/2025,14.7,59.4
Los Angeles,9/13/2025,9.5,58.7
Los Angeles,9/14/2025,10.1,61.1
Los Angeles,9/15/2025,15.6,72.1
Los Angeles,9/16/2025,18.9,51.2
Los Angeles,9/17/2025,12.8,62.8
Los Angeles,9/18/2025,14.3,70.2
Los Angeles,9/19/2025,21.2,65.4
Los Angeles,9/20/2025,13.9,62.3
Los Angeles,9/21/2025,25.7,70.4
Los Angeles,9/22/2025,15.5,33.4
Los Angeles,9/23/2025,3.9,67.2
Los Angeles,9/24/2025,16.5,53.9
Los Angeles,9/25/2025,14.6,42.1
Los Angeles,9/26/2025,19.2,65.5
Los Angeles,9/27/2025,16.1,74.2
Los Angeles,9/28/2025,12,59.1
Los Angeles,9/29/2025,6.6,70
Los Angeles,9/30/2025,11.7,76.6
Los Angeles,10/1/2025,8.5,73.6
Los Angeles,10/2/2025,9.8,76.8
Los Angeles,10/3/2025,15.7,67.9
Los Angeles,10/4/2025,21.1,61.2
Los Angeles,10/5/2025,14.7,44.4
Los Angeles,10/6/2025,6.7,58
Los Angeles,10/7/2025,14.9,52
Los Angeles,10/8/2025,18.7,82.1
Los Angeles,10/9/2025,9.7,58.7
Los Angeles,10/10/2025,12,61.7
Los Angeles,10/11/2025,12.8,65.9
Los Angeles,10/12/2025,8.8,60.9
Los Angeles,10/13/2025,16,77.4
Los Angeles,10/14/2025,12.1,54.2
Los Angeles,10/15/2025,14.8,62.4
Los Angeles,10/16/2025,8.3,53
Los Angeles,10/17/2025,10.5,47.2
Los Angeles,10/18/2025,16.3,54.3
Los Angeles,10/19/2025,10.9,60.1
Los Angeles,10/20/2025,21.4,56.1
Los Angeles,10/21/2025,10.7,53.5
Los Angeles,10/22/2025,13.8,46.4
Los Angeles,10/23/2025,17.4,59.6
Chicago,1/1/2025,19.6,48.4
Chicago,1/2/2025,11.9,54.4
Chicago,1/3/2025,17.6,34
Chicago,1/4/2025,15.4,25.5
Chicago,1/5/2025,20.8,42.9
Chicago,1/6/2025,25.9,36.2
Chicago,1/7/2025,9.8,43.3
Chicago,1/8/2025,19.7,46.9
Chicago,1/9/2025,18.4,43.9
Chicago,1/10/2025,22.5,62.9
Chicago,1/11/2025,20.2,51.7
Chicago,1/12/2025,15.4,51.4
Chicago,1/13/2025,17.6,54.6
Chicago,1/14/2025,15.2,37
Chicago,1/15/2025,24.5,58.8
Chicago,1/16/2025,19.3,47.7
Chicago,1/17/2025,28.7,55.1
Chicago,1/18/2025,18.9,37.7
Chicago,1/19/2025,15.6,32.9
Chicago,1/20/2025,11.6,56.6
Chicago,1/21/2025,10.1,52.2
Chicago,1/22/2025,11.2,39.4
Chicago,1/23/2025,20.5,39.7
Chicago,1/24/2025,21.7,59.7
Chicago,1/25/2025,11.3,36.5
Chicago,1/26/2025,23.6,64.8
Chicago,1/27/2025,16.7,39.4
Chicago,1/28/2025,19.9,54.8
Chicago,1/29/2025,27.2,45.1
Chicago,1/30/2025,23.6,54.5
Chicago,1/31/2025,17.8,43
Chicago,2/1/2025,14.7,46.8
Chicago,2/2/2025,8.4,48.8
Chicago,2/3/2025,15.6,38.4
Chicago,2/4/2025,18.1,55.8
Chicago,2/5/2025,14.2,43.3
Chicago,2/6/2025,18.5,46.1
Chicago,2/7/2025,19.5,38.5
Chicago,2/8/2025,18,22.8
Chicago,2/9/2025,15.9,46.5
Chicago,2/10/2025,20,72.5
Chicago,2/11/2025,21.4,56.3
Chicago,2/12/2025,13.7,48.2
Chicago,2/13/2025,26.2,45.8
Chicago,2/14/2025,18.7,48.6
Chicago,2/15/2025,19.3,53.9
Chicago,2/16/2025,22.7,36.6
Chicago,2/17/2025,20.3,59.6
Chicago,2/18/2025,23.9,55.6
Chicago,2/19/2025,20.6,55.6
Chicago,2/20/2025,16.1,52.8
Chicago,2/21/2025,21,48.6
Chicago,2/22/2025,13.4,55.1
Chicago,2/23/2025,19.7,54.3
Chicago,2/24/2025,19,44.9
Chicago,2/25/2025,18.1,42.7
Chicago,2/26/2025,18.5,49.4
Chicago,2/27/2025,9.8,63.9
Chicago,2/28/2025,16.4,36
Chicago,3/1/2025,19.6,33.7
Chicago,3/2/2025,20,50.1
Chicago,3/3/2025,14,48.9
Chicago,3/4/2025,25.5,50.2
Chicago,3/5/2025,14.8,50.9
Chicago,3/6/2025,24,46.2
Chicago,3/7/2025,21.3,63.3
Chicago,3/8/2025,15.9,32.4
Chicago,3/9/2025,28,40.1
Chicago,3/10/2025,13.2,47.4
Chicago,3/11/2025,23.8,32
Chicago,3/12/2025,24.2,46.7
Chicago,3/13/2025,15.8,65
Chicago,3/14/2025,26.1,48.6
Chicago,3/15/2025,17.9,50.7
Chicago,3/16/2025,20.6,35.8
Chicago,3/17/2025,20.5,42.3
Chicago,3/18/2025,18.5,44.7
Chicago,3/19/2025,23.2,45.2
Chicago,3/20/2025,23.1,61.2
Chicago,3/21/2025,10.4,54
Chicago,3/22/2025,25.7,37.3
Chicago,3/23/2025,10.8,50.9
Chicago,3/24/2025,24.3,53.4
Chicago,3/25/2025,24.8,59.8
Chicago,3/26/2025,13.7,64.2
Chicago,3/27/2025,17.1,38.3
Chicago,3/28/2025,13.6,40.3
Chicago,3/29/2025,18.1,35.8
Chicago,3/30/2025,17.6,46.1
Chicago,3/31/2025,23.1,53.1
Chicago,4/1/2025,25.7,58.3
Chicago,4/2/2025,26.1,47.7
Chicago,4/3/2025,16.4,45.2
Chicago,4/4/2025,18.1,49.9
Chicago,4/5/2025,10.7,40.1
Chicago,4/6/2025,15.1,69.3
Chicago,4/7/2025,24,32.3
Chicago,4/8/2025,27.2,50.3
Chicago,4/9/2025,13,68.7
Chicago,4/10/2025,16.2,48.5
Chicago,4/11/2025,19,46.5
Chicago,4/12/2025,20.6,44.8
Chicago,4/13/2025,15.1,46.6
Chicago,4/14/2025,21.3,62.1
Chicago,4/15/2025,16.8,26.3
Chicago,4/16/2025,19.1,63.8
Chicago,4/17/2025,21.9,34.2
Chicago,4/18/2025,19.2,45.8
Chicago,4/19/2025,17,44.1
Chicago,4/20/2025,18.6,54.3
Chicago,4/21/2025,18.7,32.4
Chicago,4/22/2025,17.3,53
Chicago,4/23/2025,17.9,68.7
Chicago,4/24/2025,27.2,34.8
Chicago,4/25/2025,22,50.3
Chicago,4/26/2025,17.7,41.8
Chicago,4/27/2025,22.6,52.7
Chicago,4/28/2025,17.5,48.6
Chicago,4/29/2025,25,42
Chicago,4/30/2025,21,53.3
Chicago,5/1/2025,18.6,66.5
Chicago,5/2/2025,21.4,46.5
Chicago,5/3/2025,11.3,55.6
Chicago,5/4/2025,13.5,35.5
Chicago,5/5/2025,13.2,38.9
Chicago,5/6/2025,19.9,53.1
Chicago,5/7/2025,27.8,63.3
Chicago,5/8/2025,30.3,52
Chicago,5/9/2025,22.4,45.3
Chicago,5/10/2025,21.7,48.4
Chicago,5/11/2025,10.2,35.9
Chicago,5/12/2025,16.4,54.5
Chicago,5/13/2025,15.2,57.2
Chicago,5/14/2025,16.1,43.9
Chicago,5/15/2025,18.3,43.7
Chicago,5/16/2025,16.8,51.1
Chicago,5/17/2025,9.3,44.1
Chicago,5/18/2025,22.9,47.8
Chicago,5/19/2025,13.8,69.4
Chicago,5/20/2025,20.4,46
Chicago,5/21/2025,29.5,44.8
Chicago,5/22/2025,14.6,41.9
Chicago,5/23/2025,6.5,55.9
Chicago,5/24/2025,17.7,46.6
Chicago,5/25/2025,24.7,41.9
Chicago,5/26/2025,29,61.6
Chicago,5/27/2025,13,62.6
Chicago,5/28/2025,21.6,42.4
Chicago,5/29/2025,16.8,29.8
Chicago,5/30/2025,18.6,58.5
Chicago,5/31/2025,32.4,41.6
Chicago,6/1/2025,11.6,56.3
Chicago,6/2/2025,20.4,28.7
Chicago,6/3/2025,21.5,57.3
Chicago,6/4/2025,24.6,36.3
Chicago,6/5/2025,19.7,55.7
Chicago,6/6/2025,20.7,48.6
Chicago,6/7/2025,17.2,38.9
Chicago,6/8/2025,20.5,44.4
Chicago,6/9/2025,17.4,55.3
Chicago,6/10/2025,22.3,49.5
Chicago,6/11/2025,17.3,54.3
Chicago,6/12/2025,21,68.2
Chicago,6/13/2025,19,32.8
Chicago,6/14/2025,24.8,64.6
Chicago,6/15/2025,18.9,49.5
Chicago,6/16/2025,10.3,39.4
Chicago,6/17/2025,25.5,35.1
Chicago,6/18/2025,14.6,46.5
Chicago,6/19/2025,15.9,57.6
Chicago,6/20/2025,16.2,47.1
Chicago,6/21/2025,26,63.5
Chicago,6/22/2025,8.5,33.9
Chicago,6/23/2025,34.9,48.3
Chicago,6/24/2025,24.4,35.9
Chicago,6/25/2025,20.3,52.1
Chicago,6/26/2025,18.9,57.3
Chicago,6/27/2025,20.6,44.2
Chicago,6/28/2025,21.8,22.4
Chicago,6/29/2025,22.4,50.4
Chicago,6/30/2025,21.9,52.8
Chicago,7/1/2025,19.6,52.5
Chicago,7/2/2025,18.2,60.8
Chicago,7/3/2025,18.4,37.7
Chicago,7/4/2025,18.2,55.2
Chicago,7/5/2025,24.8,60.3
Chicago,7/6/2025,22.1,30.6
Chicago,7/7/2025,4.5,51.6
Chicago,7/8/2025,22.4,43.4
Chicago,7/9/2025,20.1,47.6
Chicago,7/10/2025,19.1,51.9
Chicago,7/11/2025,17.2,43.5
Chicago,7/12/2025,24.8,41.7
Chicago,7/13/2025,23.9,48.8
Chicago,7/14/2025,15.3,37.5
Chicago,7/15/2025,21.2,37.6
Chicago,7/16/2025,14.3,55.2
Chicago,7/17/2025,12.3,36.9
Chicago,7/18/2025,16,55.1
Chicago,7/19/2025,23.5,53
Chicago,7/20/2025,23.9,31.2
Chicago,7/21/2025,21.7,41.6
Chicago,7/22/2025,22.8,60.4
Chicago,7/23/2025,21.7,38.6
Chicago,7/24/2025,16,43.8
Chicago,7/25/2025,21.3,53
Chicago,7/26/2025,23.2,56.3
Chicago,7/27/2025,22.9,45.9
Chicago,7/28/2025,25.1,42.4
Chicago,7/29/2025,22.7,62.6
Chicago,7/30/2025,20.9,65.8
Chicago,7/31/2025,24.5,58.2
Chicago,8/1/2025,19,49.3
Chicago,8/2/2025,14.8,40.3
Chicago,8/3/2025,18.3,40.1
Chicago,8/4/2025,15.4,53.6
Chicago,8/5/2025,15.8,52.6
Chicago,8/6/2025,18.4,62.4
Chicago,8/7/2025,15.2,54.9
Chicago,8/8/2025,17.6,33.4
Chicago,8/9/2025,9.7,58.9
Chicago,8/10/2025,20.2,38.4
Chicago,8/11/2025,19.2,44.6
Chicago,8/12/2025,15.1,50.9
Chicago,8/13/2025,22.5,68.4
Chicago,8/14/2025,23.8,79.5
Chicago,8/15/2025,11.1,54.5
Chicago,8/16/2025,15.3,46.6
Chicago,8/17/2025,15.3,53.8
Chicago,8/18/2025,14.5,57.3
Chicago,8/19/2025,23.3,45.2
Chicago,8/20/2025,18.2,66.4
Chicago,8/21/2025,17.8,50.7
Chicago,8/22/2025,9.1,53.4
Chicago,8/23/2025,22.3,55.1
Chicago,8/24/2025,13,52.6
Chicago,8/25/2025,19.5,56.8
Chicago,8/26/2025,20.5,42.2
Chicago,8/27/2025,26,42.8
Chicago,8/28/2025,12.6,37.4
Chicago,8/29/2025,4.1,52.8
Chicago,8/30/2025,20.1,56.2
Chicago,8/31/2025,28.2,53
Chicago,9/1/2025,25.4,65.2
Chicago,9/2/2025,20.2,48.4
Chicago,9/3/2025,16.7,55.1
Chicago,9/4/2025,23.2,37.5
Chicago,9/5/2025,14.3,44.5
Chicago,9/6/2025,21.5,55.4
Chicago,9/7/2025,21.7,56.9
Chicago,9/8/2025,24.5,45.5
Chicago,9/9/2025,33,47.7
Chicago,9/10/2025,21.1,33.2
Chicago,9/11/2025,16.6,44.9
Chicago,9/12/2025,19,57.3
Chicago,9/13/2025,10.3,54.2
Chicago,9/14/2025,15.7,53.4
Chicago,9/15/2025,17.1,48.9
Chicago,9/16/2025,16.5,48.5
Chicago,9/17/2025,19.9,41.8
Chicago,9/18/2025,15,55.4
Chicago,9/19/2025,24.8,52.6
Chicago,9/20/2025,19.2,53.3
Chicago,9/21/2025,19.1,43.2
Chicago,9/22/2025,17.5,26.9
Chicago,9/23/2025,19.9,59.4
Chicago,9/24/2025,23.3,43.6
Chicago,9/25/2025,14.8,39.8
Chicago,9/26/2025,15.9,55.4
Chicago,9/27/2025,17.6,44.5
Chicago,9/28/2025,12.4,59
Chicago,9/29/2025,15.1,54.6
Chicago,9/30/2025,16.8,55.3
Chicago,10/1/2025,23.5,34.8
Chicago,10/2/2025,20.5,60.5
Chicago,10/3/2025,20.1,51
Chicago,10/4/2025,23.4,44.7
Chicago,10/5/2025,18.5,49.9
Chicago,10/6/2025,21.1,30.7
Chicago,10/7/2025,18.6,52.5
Chicago,10/8/2025,20.5,38.1
Chicago,10/9/2025,16.2,34.9
Chicago,10/10/2025,7,33.2
Chicago,10/11/2025,18.5,59.5
Chicago,10/12/2025,26.3,42.1
Chicago,10/13/2025,23.8,63.8
Chicago,10/14/2025,24,43.1
Chicago,10/15/2025,25.3,31.3
Chicago,10/16/2025,19.6,37.3
Chicago,10/17/2025,20.1,60.8
Chicago,10/18/2025,16.1,46.9
Chicago,10/19/2025,17.6,42.9
Chicago,10/20/2025,22.2,50
Chicago,10/21/2025,25.2,53.4
Chicago,10/22/2025,18.5,59.6
Chicago,10/23/2025,16.9,62.9
Miami,1/1/2025,10.9,42.5
Miami,1/2/2025,14.3,32.9
Miami,1/3/2025,8.2,56
Miami,1/4/2025,8.2,36.9
Miami,1/5/2025,14.7,53.5
Miami,1/6/2025,12.7,49.9
Miami,1/7/2025,13.1,59.3
Miami,1/8/2025,9.2,49.5
Miami,1/9/2025,11.8,49.3
Miami,1/10/2025,8.4,59.9
Miami,1/11/2025,17.4,55.9
Miami,1/12/2025,18.2,55.7
Miami,1/13/2025,3.8,57.2
Miami,1/14/2025,8.3,37.2
Miami,1/15/2025,5.5,60.1
Miami,1/16/2025,9.7,58.7
Miami,1/17/2025,12.6,42.4
Miami,1/18/2025,5.7,50.1
Miami,1/19/2025,8.4,52.2
Miami,1/20/2025,8,51.2
Miami,1/21/2025,14,55.9
Miami,1/22/2025,13.3,66.9
Miami,1/23/2025,9.4,63.4
Miami,1/24/2025,13.9,39.4
Miami,1/25/2025,10.3,58.8
Miami,1/26/2025,11.6,65.8
Miami,1/27/2025,21.4,56.4
Miami,1/28/2025,19.7,63.5
Miami,1/29/2025,6.5,72.7
Miami,1/30/2025,17.1,62.8
Miami,1/31/2025,17,55
Miami,2/1/2025,7.2,63
Miami,2/2/2025,17.1,54
Miami,2/3/2025,20.7,52.8
Miami,2/4/2025,7.4,49
Miami,2/5/2025,8.4,68.2
Miami,2/6/2025,18.1,44.4
Miami,2/7/2025,14.3,67.9
Miami,2/8/2025,15.7,57.5
Miami,2/9/2025,14.7,38.6
Miami,2/10/2025,14.9,56.2
Miami,2/11/2025,6.4,31.5
Miami,2/12/2025,18.2,58.8
Miami,2/13/2025,18.8,61.4
Miami,2/14/2025,11.8,46.6
Miami,2/15/2025,12.8,53.8
Miami,2/16/2025,5.3,72.1
Miami,2/17/2025,15.6,47.5
Miami,2/18/2025,15.8,42
Miami,2/19/2025,12.7,67.4
Miami,2/20/2025,18.6,72.2
Miami,2/21/2025,11.3,52.6
Miami,2/22/2025,15.8,62.7
Miami,2/23/2025,7.9,66
Miami,2/24/2025,12.9,45.1
Miami,2/25/2025,12.1,47.7
Miami,2/26/2025,14.1,64.9
Miami,2/27/2025,11.1,69.4
Miami,2/28/2025,12.3,58.2
Miami,3/1/2025,17.1,43.8
Miami,3/2/2025,10.8,72.4
Miami,3/3/2025,5,47.2
Miami,3/4/2025,21.7,49.2
Miami,3/5/2025,19.9,56
Miami,3/6/2025,6.5,68.1
Miami,3/7/2025,16.4,61.1
Miami,3/8/2025,10.5,56.7
Miami,3/9/2025,14.3,57.2
Miami,3/10/2025,14.5,53
Miami,3/11/2025,11.8,58.1
Miami,3/12/2025,9.1,27.3
Miami,3/13/2025,9.5,49.6
Miami,3/14/2025,8.4,55
Miami,3/15/2025,8.8,41
Miami,3/16/2025,12.6,56.4
Miami,3/17/2025,9.4,50.5
Miami,3/18/2025,16.4,70.1
Miami,3/19/2025,20.4,68.3
Miami,3/20/2025,10.1,47.9
Miami,3/21/2025,14.2,51
Miami,3/22/2025,15.5,51.8
Miami,3/23/2025,15.3,48
Miami,3/24/2025,13.4,54.5
Miami,3/25/2025,16.7,45
Miami,3/26/2025,15.4,41.2
Miami,3/27/2025,6.8,58.8
Miami,3/28/2025,17.3,58.8
Miami,3/29/2025,17.4,44.5
Miami,3/30/2025,9.2,61.5
Miami,3/31/2025,13.2,46.2
Miami,4/1/2025,16.4,55.1
Miami,4/2/2025,11.9,60.8
Miami,4/3/2025,18.3,52.2
Miami,4/4/2025,24.8,57.1
Miami,4/5/2025,9.1,47.4
Miami,4/6/2025,6.1,50.6
Miami,4/7/2025,14.5,50.5
Miami,4/8/2025,16.6,45.1
Miami,4/9/2025,11.8,50.8
Miami,4/10/2025,20.3,37.1
Miami,4/11/2025,6.3,47.6
Miami,4/12/2025,16.4,49.7
Miami,4/13/2025,10,50
Miami,4/14/2025,21.6,50.1
Miami,4/15/2025,22.9,51.9
Miami,4/16/2025,9.2,57.3
Miami,4/17/2025,10.2,61.3
Miami,4/18/2025,17.3,46.1
Miami,4/19/2025,11,40.5
Miami,4/20/2025,12.8,42.1
Miami,4/21/2025,13.1,47.7
Miami,4/22/2025,3.4,49
Miami,4/23/2025,12.9,44.9
Miami,4/24/2025,9.5,39.6
Miami,4/25/2025,10.5,48
Miami,4/26/2025,20.2,54.4
Miami,4/27/2025,6.7,58.5
Miami,4/28/2025,17.1,47
Miami,4/29/2025,11.6,48.4
Miami,4/30/2025,11.6,43.3
Miami,5/1/2025,16.9,52.2
Miami,5/2/2025,14.7,44.1
Miami,5/3/2025,15.8,58.3
Miami,5/4/2025,17.8,34.7
Miami,5/5/2025,11.3,49
Miami,5/6/2025,9.9,55.6
Miami,5/7/2025,7.6,54.4
Miami,5/8/2025,8.9,79.5
Miami,5/9/2025,27.7,56
Miami,5/10/2025,19.2,42.5
Miami,5/11/2025,6.2,51.6
Miami,5/12/2025,6.4,34.8
Miami,5/13/2025,15.4,51.7
Miami,5/14/2025,15.7,44.2
Miami,5/15/2025,15.7,61.7
Miami,5/16/2025,11.7,47.1
Miami,5/17/2025,12.4,51.4
Miami,5/18/2025,14.6,46.2
Miami,5/19/2025,13.4,69.9
Miami,5/20/2025,1.9,49.3
Miami,5/21/2025,11.8,70.9
Miami,5/22/2025,8.7,60.7
Miami,5/23/2025,13.9,57.4
Miami,5/24/2025,27.9,56.2
Miami,5/25/2025,14.8,56.5
Miami,5/26/2025,11.4,33.3
Miami,5/27/2025,17.6,49.8
Miami,5/28/2025,15.4,61
Miami,5/29/2025,15.1,52.1
Miami,5/30/2025,16,38.5
Miami,5/31/2025,23.3,52
Miami,6/1/2025,7.3,69.6
Miami,6/2/2025,15.4,65
Miami,6/3/2025,8.4,51.9
Miami,6/4/2025,15.8,62.1
Miami,6/5/2025,8.4,48.9
Miami,6/6/2025,10.9,35.5
Miami,6/7/2025,11.5,43.3
Miami,6/8/2025,17.9,68.2
Miami,6/9/2025,17.6,49.8
Miami,6/10/2025,6.8,50.1
Miami,6/11/2025,13.3,49.6
Miami,6/12/2025,9.4,71.6
Miami,6/13/2025,6.7,68.8
Miami,6/14/2025,11.9,74.7
Miami,6/15/2025,11.4,51
Miami,6/16/2025,25.1,55.5
Miami,6/17/2025,15.1,37.4
Miami,6/18/2025,6.1,67.3
Miami,6/19/2025,10.2,40.9
Miami,6/20/2025,18.1,54.7
Miami,6/21/2025,23.4,41.6
Miami,6/22/2025,5.1,46.7
Miami,6/23/2025,3.6,44.2
Miami,6/24/2025,22.3,46.5
Miami,6/25/2025,14.9,47.2
Miami,6/26/2025,8.6,47.1
Miami,6/27/2025,15.7,60.9
Miami,6/28/2025,-0.2,41.5
Miami,6/29/2025,13,54.8
Miami,6/30/2025,14.6,64.7
Miami,7/1/2025,17.6,47.4
Miami,7/2/2025,7.9,45.4
Miami,7/3/2025,13.4,50.2
Miami,7/4/2025,8.4,64.3
Miami,7/5/2025,14.3,54.5
Miami,7/6/2025,8.5,47.2
Miami,7/7/2025,10.9,57.4
Miami,7/8/2025,8,41.5
Miami,7/9/2025,16.2,59.4
Miami,7/10/2025,17.3,56.6
Miami,7/11/2025,11.8,49.5
Miami,7/12/2025,13.2,44.2
Miami,7/13/2025,5.7,43.7
Miami,7/14/2025,11.5,57.9
Miami,7/15/2025,12.7,64.8
Miami,7/16/2025,26.1,46.2
Miami,7/17/2025,7.4,57.1
Miami,7/18/2025,20.3,31.7
Miami,7/19/2025,18,46.7
Miami,7/20/2025,14.4,52.2
Miami,7/21/2025,21.8,43.5
Miami,7/22/2025,14.8,43.2
Miami,7/23/2025,14.9,45.9
Miami,7/24/2025,12.7,55.5
Miami,7/25/2025,19.1,50.7
Miami,7/26/2025,18.5,30.2
Miami,7/27/2025,9.9,31.3
Miami,7/28/2025,6.4,46.5
Miami,7/29/2025,12,57.1
Miami,7/30/2025,9,25.1
Miami,7/31/2025,12.7,47.6
Miami,8/1/2025,19.2,47.3
Miami,8/2/2025,10.7,66.4
Miami,8/3/2025,12.8,48.7
Miami,8/4/2025,13.3,56.4
Miami,8/5/2025,17.2,54
Miami,8/6/2025,1.8,31.2
Miami,8/7/2025,10,60.2
Miami,8/8/2025,14,54.7
Miami,8/9/2025,19,57.6
Miami,8/10/2025,10.5,91.8
Miami,8/11/2025,3.6,31.7
Miami,8/12/2025,16.1,69.8
Miami,8/13/2025,9.8,49.7
Miami,8/14/2025,7,55.4
Miami,8/15/2025,9.9,52.1
Miami,8/16/2025,12.1,48.3
Miami,8/17/2025,10,46.9
Miami,8/18/2025,2,55.8
Miami,8/19/2025,17.5,37.4
Miami,8/20/2025,19.4,60.1
Miami,8/21/2025,16.2,48.4
Miami,8/22/2025,7.3,41.2
Miami,8/23/2025,12,48
Miami,8/24/2025,13,65.1
Miami,8/25/2025,16,47.2
Miami,8/26/2025,16.3,56.1
Miami,8/27/2025,9.3,45.2
Miami,8/28/2025,13.4,60.1
Miami,8/29/2025,15.3,59.4
Miami,8/30/2025,20.3,71
Miami,8/31/2025,16.5,50.8
Miami,9/1/2025,16.9,59.2
Miami,9/2/2025,13.4,53.5
Miami,9/3/2025,20,65.5
Miami,9/4/2025,15,45.4
Miami,9/5/2025,8.7,60
Miami,9/6/2025,20,50.6
Miami,9/7/2025,16.5,51.9
Miami,9/8/2025,10.8,53.5
Miami,9/9/2025,10.6,55.1
Miami,9/10/2025,14.5,51.4
Miami,9/11/2025,15.3,54.7
Miami,9/12/2025,14,68.3
Miami,9/13/2025,14.5,62.4
Miami,9/14/2025,21.5,61.2
Miami,9/15/2025,18.3,48
Miami,9/16/2025,13.9,43.7
Miami,9/17/2025,17.7,62.1
Miami,9/18/2025,7.8,61.3
Miami,9/19/2025,15,67.3
Miami,9/20/2025,22,46.5
Miami,9/21/2025,11.9,50.3
Miami,9/22/2025,8.7,36.2
Miami,9/23/2025,9.7,48.6
Miami,9/24/2025,7.5,62.5
Miami,9/25/2025,9.1,47.9
Miami,9/26/2025,11.1,59
Miami,9/27/2025,6,50.6
Miami,9/28/2025,13.1,55.8
Miami,9/29/2025,17.5,41.1
Miami,9/30/2025,8.4,53.4
Miami,10/1/2025,20.6,22.6
Miami,10/2/2025,15.5,50.7
Miami,10/3/2025,18.1,36.2
Miami,10/4/2025,9.7,64.6
Miami,10/5/2025,17.3,60.3
Miami,10/6/2025,7.5,57.2
Miami,10/7/2025,17.4,67.8
Miami,10/8/2025,13.8,43.1
Miami,10/9/2025,15.8,70
Miami,10/10/2025,7.1,61.9
Miami,10/11/2025,8.5,50.2
Miami,10/12/2025,16,63.9
Miami,10/13/2025,8.2,41.5
Miami,10/14/2025,15.3,44.3
Miami,10/15/2025,6.1,46.5
Miami,10/16/2025,17.2,47.3
Miami,10/17/2025,6.8,42
Miami,10/18/2025,15.7,64.8
Miami,10/19/2025,16.1,50
Miami,10/20/2025,9.5,56.1
Miami,10/21/2025,15.9,46.8
Miami,10/22/2025,14.3,34.3
Miami,10/23/2025,10.3,55.3
